   n, insertion_cmp, insertion_swaps, insertion_time, merge_cmp, merge_swaps, merge_time
   0,             0,               0,              0,         0,           0,          0
   1,             0,               0,              0,         0,           0,          1
   2,             1,               0,              3,         1,           0,          3
   3,             3,               1,              4,         2,           0,          5
   4,             4,               1,              3,         5,           0,          5
   5,             8,               4,              6,         8,           0,          8
   6,            11,               6,              8,        10,           0,         11
   7,            16,              10,             29,        13,           0,         14
   8,            20,              13,             15,        16,           0,         43
   9,            26,              18,             20,        19,           0,         18
  10,            28,              19,             20,        25,           0,         20
  11,            30,              20,             22,        27,           0,         22
  12,            33,              22,             23,        28,           0,         24
  13,            34,              22,             25,        32,           0,         27
  14,            42,              29,             30,        38,           0,         30
  15,            51,              37,             36,        42,           0,         34
  16,            62,              47,             46,        46,           0,         49
  17,            78,              62,             92,        51,           0,         40
  18,            91,              74,             70,        53,           0,         43
  19,            96,              78,             74,        59,           0,         47
  20,           110,              91,             84,        66,           0,         49
  21,           128,             108,            100,        72,           0,         54
  22,           131,             110,            101,        75,           0,         56
  23,           132,             110,            102,        76,           0,         57
  24,           154,             131,            119,        80,           0,         61
  25,           176,             152,            136,        84,           0,         65
  26,           189,             164,            149,        92,           0,         67
  27,           213,             187,            168,        95,           0,         71
  28,           235,             208,            185,       104,           0,         77
  29,           250,             222,            209,       108,           0,         79
  30,           266,             237,            211,       113,           0,        127
  31,           275,             245,            288,       117,           0,        139
  32,           286,             255,            226,       120,           0,         87
  33,           312,             280,            249,       126,           0,        112
  34,           342,             309,            354,       133,           0,         99
  35,           373,             339,            308,       136,           0,        102
  36,           385,             350,            374,       145,           0,        113
  37,           414,             378,            449,       147,           0,        190
  38,           437,             400,            463,       152,           0,        112
  39,           457,             419,            370,       160,           0,        115
  40,           482,             443,            391,       169,           0,        121
  41,           513,             473,            418,       175,           0,        126
  42,           535,             494,            437,       178,           0,        128
  43,           573,             531,            468,       183,           0,        131
  44,           580,             537,            476,       193,           0,        135
  45,           618,             574,            558,       199,           0,        143
  46,           622,             577,            520,       197,           0,        144
  47,           656,             610,            550,       200,           0,        146
  48,           692,             645,            581,       206,           0,        151
  49,           720,             672,            718,       212,           0,        182
  50,           735,             686,            745,       219,           0,        164
  51,           776,             726,            658,       229,           0,        165
  52,           789,             738,            779,       232,           0,        203
  53,           791,             739,           1077,       236,           0,        175
  54,           832,             779,            731,       244,           0,        174
  55,           863,             809,            726,       248,           0,        178
  56,           882,             827,            766,       263,           0,        190
  57,           896,             840,            780,       267,           0,        194
  58,           906,             849,            783,       267,           0,        197
  59,           947,             889,            823,       280,           0,        203
  60,           960,             901,            887,       287,           0,        212
  61,          1020,             961,            898,       289,           0,        211
  62,          1042,             982,            906,       297,           0,        214
  63,          1058,             997,            918,       303,           0,        219
  64,          1060,             998,           1016,       309,           0,        257
  65,          1094,            1031,           1098,       316,           0,        256
  66,          1104,            1040,            976,       318,           0,        247
  67,          1130,            1065,           1020,       325,           0,        247
  68,          1183,            1117,           1101,       335,           0,        246
  69,          1184,            1117,           1034,       339,           0,        246
  70,          1225,            1157,           1077,       343,           0,        250
  71,          1255,            1186,           1168,       350,           0,        256
  72,          1305,            1235,           1223,       361,           0,        269
  73,          1375,            1304,           1308,       368,           0,        350
  74,          1406,            1334,           1261,       370,           0,        338
  75,          1471,            1398,           1344,       373,           0,        274
  76,          1539,            1465,           1362,       382,           0,        277
  77,          1570,            1495,           1399,       390,           0,        282
  78,          1608,            1532,           1416,       397,           0,        289
  79,          1650,            1573,           1473,       402,           0,        290
  80,          1707,            1629,           1513,       413,           0,        327
  81,          1762,            1683,           1648,       418,           0,        302
  82,          1808,            1728,           1595,       423,           0,        312
  83,          1852,            1771,           1684,       431,           0,        311
  84,          1929,            1847,           1734,       436,           0,        320
  85,          1976,            1893,           1941,       439,           0,        319
  86,          1985,            1901,           1881,       452,           0,        324
  87,          2065,            1980,           1845,       464,           0,        331
  88,          2115,            2029,           1894,       473,           0,        337
  89,          2169,            2082,           3273,       477,           0,        344
  90,          2223,            2135,           2415,       484,           0,        349
  91,          2267,            2178,           2107,       492,           0,        359
  92,          2326,            2236,           2342,       487,           0,        833
  93,          2333,            2242,           2106,       492,           0,        355
  94,          2426,            2335,           2142,       497,           0,        353
  95,          2504,            2412,           2236,       504,           0,        362
  96,          2518,            2425,           2329,       509,           0,        368
  97,          2576,            2482,           2326,       516,           0,        399
  98,          2578,            2483,           3216,       524,           0,        509
  99,          2633,            2537,           3047,       535,           0,        385
 100,          2660,            2563,           2400,       544,           0,        392
 101,          2740,            2642,           2463,       550,           0,        389
 102,          2808,            2709,           2485,       559,           0,        391
 103,          2812,            2712,           2480,       564,           0,        394
 104,          2915,            2815,           2584,       574,           0,        387
 105,          2928,            2827,           2514,       582,           0,        393
 106,          3010,            2908,           2584,       581,           0,        394
 107,          3015,            2912,           2588,       585,           0,        396
 108,          3020,            2916,           2592,       597,           0,        404
 109,          3115,            3010,           2683,       602,           0,        407
 110,          3127,            3021,           2683,       606,           0,        430
 111,          3217,            3110,           2711,       608,           0,        404
 112,          3246,            3138,           2806,       629,           0,        413
 113,          3348,            3239,           2844,       637,           0,        419
 114,          3409,            3299,           2969,       640,           0,        423
 115,          3513,            3402,           2990,       656,           0,        428
 116,          3566,            3454,           3026,       657,           0,        431
 117,          3671,            3558,           3077,       664,           0,        436
 118,          3686,            3572,           3182,       671,           0,        441
 119,          3738,            3623,           3184,       684,           0,        447
 120,          3833,            3717,           3252,       686,           0,        451
 121,          3883,            3766,           3272,       693,           0,        455
 122,          3908,            3790,           3437,       697,           0,        462
 123,          3915,            3796,           3293,       708,           0,        466
 124,          4000,            3880,           3359,       713,           0,        467
 125,          4078,            3957,           3509,       720,           0,        472
 126,          4130,            4008,           3468,       729,           0,        475
 127,          4193,            4070,           3639,       734,           0,        480
 128,          4307,            4183,           3617,       742,           0,        484
 129,          4385,            4260,           3761,       750,           0,        570
 130,          4498,            4372,           3818,       752,           0,        494
 131,          4617,            4490,           3957,       759,           0,        531
 132,          4729,            4601,           4668,       764,           0,        540
 133,          4836,            4707,           4411,       774,           0,        546
 134,          4861,            4731,           4337,       778,           0,        541
 135,          4942,            4811,           4383,       790,           0,        533
 136,          5034,            4902,           4350,       797,           0,        537
 137,          5153,            5020,           4453,       807,           0,        530
 138,          5229,            5095,           4442,       814,           0,        569
 139,          5242,            5107,           4419,       818,           0,        536
 140,          5270,            5134,           4657,       824,           0,        569
 141,          5352,            5215,           5114,       833,           0,        619
 142,          5368,            5230,           5329,       838,           0,        597
 143,          5493,            5354,           4914,       849,           0,        587
 144,          5603,            5463,           4987,       861,           0,        601
 145,          5657,            5516,           4968,       866,           0,        664
 146,          5758,            5616,           5032,       876,           0,        591
 147,          5882,            5739,           5156,       882,           0,        633
 148,          5954,            5810,           5182,       885,           0,        597
 149,          6050,            5905,           5411,       893,           0,        647
 150,          6188,            6042,           5828,       894,           0,        672
 151,          6262,            6115,           5625,       901,           0,        625
 152,          6283,            6135,           5636,       911,           0,        630
 153,          6405,            6256,           5615,       921,           0,        624
 154,          6414,            6264,           5589,       929,           0,        622
 155,          6494,            6343,           5621,       933,           0,        627
 156,          6619,            6467,           5723,       951,           0,        619
 157,          6657,            6504,           5613,       960,           0,        627
 158,          6661,            6507,           5657,       961,           0,        624
 159,          6779,            6624,           5764,       971,           0,        631
 160,          6813,            6657,           5790,       983,           0,        638
 161,          6903,            6746,           5895,       990,           0,        645
 162,          7023,            6865,           5918,       999,           0,        650
 163,          7090,            6931,           6020,      1006,           0,        653
 164,          7132,            6972,           6379,      1009,           0,        658
 165,          7146,            6985,           6217,      1017,           0,        679
 166,          7155,            6993,           6191,      1019,           0,        662
 167,          7247,            7084,           6119,      1029,           0,        707
 168,          7351,            7187,           6276,      1041,           0,        678
 169,          7474,            7309,           6997,      1044,           0,        699
 170,          7598,            7432,           6764,      1052,           0,        704
 171,          7712,            7545,           6860,      1056,           0,        707
 172,          7883,            7716,           6960,      1066,           0,        711
 173,          7991,            7823,           7192,      1077,           0,        715
 174,          8012,            7843,           6993,      1089,           0,        779
 175,          8098,            7928,           7102,      1097,           0,        782
 176,          8255,            8084,           7353,      1117,           0,        885
 177,          8346,            8174,           7550,      1124,           0,        746
 178,          8435,            8262,           7467,      1115,           0,        745
 179,          8608,            8434,           7735,      1130,           0,        734
 180,          8681,            8506,           7646,      1136,           0,        755
 181,          8809,            8633,           7884,      1137,           0,        738
 182,          8954,            8777,           7630,      1159,           0,        750
 183,          9100,            8922,           7799,      1162,           0,        789
 184,          9137,            8958,           8016,      1148,           0,        774
 185,          9168,            8988,           8268,      1158,           0,        761
 186,          9297,            9116,           9409,      1174,           0,        849
 187,          9474,            9292,           8836,      1177,           0,        952
 188,          9607,            9424,           8928,      1177,           0,        810
 189,          9735,            9551,           8929,      1191,           0,        818
 190,          9785,            9600,           9404,      1191,           0,        798
 191,          9815,            9629,           8742,      1202,           0,        888
 192,          9870,            9683,           9224,      1212,           0,        838
 193,          9912,            9724,           9634,      1219,           0,        914
 194,         10071,            9882,           9173,      1222,           0,        833
 195,         10107,            9917,           9718,      1231,           0,        861
 196,         10211,           10020,           9459,      1253,           0,        960
 197,         10272,           10080,           9239,      1260,           0,        876
 198,         10343,           10150,          10203,      1259,           0,        873
 199,         10391,           10197,           9686,      1260,           0,        956
 200,         10395,           10200,           9852,      1282,           0,        885
 201,         10537,           10341,          10288,      1292,           0,        891
 202,         10646,           10449,           9942,      1299,           0,        936
 203,         10678,           10480,          10231,      1300,           0,        890
 204,         10790,           10591,          10217,      1314,           0,        950
 205,         10952,           10752,          10566,      1312,           0,        923
 206,         10983,           10782,          10560,      1328,           0,        965
 207,         11012,           10810,          10240,      1332,           0,        943
 208,         11160,           10957,          10237,      1344,           0,        913
 209,         11343,           11139,          10095,      1350,           0,        947
 210,         11491,           11286,          10074,      1364,           0,        896
 211,         11622,           11416,          10242,      1372,           0,        916
 212,         11806,           11599,          10104,      1372,           0,        916
 213,         11968,           11760,          10396,      1383,           0,        925
 214,         12040,           11831,          10679,      1380,           0,        913
 215,         12067,           11857,          12228,      1399,           0,        952
 216,         12070,           11859,          11358,      1408,           0,        957
 217,         12083,           11871,          10869,      1418,           0,        965
 218,         12118,           11905,          10588,      1416,           0,        931
 219,         12152,           11938,          10546,      1429,           0,        916
 220,         12197,           11982,          10467,      1428,           0,       1004
 221,         12396,           12180,          10524,      1428,           0,        916
 222,         12468,           12251,          10665,      1443,           0,        927
 223,         12591,           12373,          11543,      1456,           0,        962
 224,         12633,           12414,          12125,      1476,           0,        975
 225,         12673,           12453,          12012,      1482,           0,       1009
 226,         12779,           12558,          11609,      1492,           0,       1120
 227,         12926,           12704,          11562,      1497,           0,        988
 228,         12972,           12749,          11616,      1504,           0,        994
 229,         13096,           12872,          11607,      1502,           0,        966
 230,         13127,           12902,          12527,      1529,           0,       1048
 231,         13205,           12979,          12345,      1537,           0,       1058
 232,         13341,           13114,          12668,      1538,           0,       1060
 233,         13456,           13228,          13054,      1546,           0,       1066
 234,         13580,           13351,          12456,      1552,           0,       1053
 235,         13739,           13509,          12389,      1559,           0,       1064
 236,         13928,           13697,          12173,      1571,           0,       1030
 237,         14014,           13782,          12331,      1571,           0,       1002
 238,         14030,           13797,          12856,      1589,           0,       1277
 239,         14197,           13963,          13588,      1602,           0,       1086
 240,         14198,           13963,          14322,      1601,           0,       1094
 241,         14363,           14127,          13077,      1610,           0,       1128
 242,         14379,           14142,          12902,      1615,           0,       1092
 243,         14610,           14372,          13230,      1627,           0,       1075
 244,         14710,           14471,          12811,      1630,           0,       1044
 245,         14947,           14707,          13318,      1636,           0,       1054
 246,         15105,           14864,          16016,      1651,           0,       1135
 247,         15307,           15065,          14777,      1658,           0,       1240
 248,         15412,           15169,          14893,      1660,           0,       1160
 249,         15477,           15233,          14184,      1667,           0,       1095
 250,         15490,           15245,          13682,      1681,           0,       1269
 251,         15503,           15257,          16791,      1683,           0,       1230
 252,         15621,           15374,          14332,      1703,           0,       1152
 253,         15769,           15521,          14310,      1703,           0,       1159
 254,         15802,           15553,          14583,      1712,           0,       1121
 255,         15933,           15683,          13994,      1715,           0,       1092
 256,         16183,           15932,          13981,      1734,           0,       1100
 257,         16408,           16156,          14205,      1743,           0,       1183
 258,         16665,           16412,          15707,      1740,           0,       1184
 259,         16796,           16542,          15372,      1754,           0,       1197
 260,         16854,           16599,          15624,      1748,           0,       1253
 261,         17113,           16857,          16271,      1759,           0,       1197
 262,         17342,           17085,          15565,      1776,           0,       1195
 263,         17597,           17339,          15563,      1785,           0,       1275
 264,         17803,           17544,          15622,      1796,           0,       1317
 265,         17876,           17616,          18326,      1803,           0,       1216
 266,         17925,           17664,          16138,      1804,           0,       1180
 267,         18047,           17785,          18427,      1823,           0,       1255
 268,         18259,           17996,          16613,      1816,           0,       1231
 269,         18350,           18086,          16482,      1826,           0,       1433
 270,         18510,           18245,          19537,      1847,           0,       1267
 271,         18687,           18421,          17260,      1848,           0,       1296
 272,         18949,           18682,          17492,      1868,           0,       1325
 273,         18988,           18720,          17518,      1876,           0,       1267
 274,         19048,           18779,          16839,      1879,           0,       1228
 275,         19146,           18876,          17110,      1889,           0,       1344
 276,         19338,           19067,          18326,      1895,           0,       1243
 277,         19443,           19171,          17344,      1907,           0,       1244
 278,         19464,           19191,          17429,      1905,           0,       1245
 279,         19523,           19249,          17055,      1914,           0,       1254
 280,         19673,           19398,          17230,      1919,           0,       1225
 281,         19787,           19511,          16883,      1925,           0,       1230
 282,         20023,           19746,          17147,      1947,           0,       1276
 283,         20118,           19840,          19318,      1948,           0,       1582
 284,         20314,           20035,          18955,      1956,           0,       1317
 285,         20320,           20040,          18263,      1965,           0,       1322
 286,         20573,           20292,          19240,      1975,           0,       1436
 287,         20582,           20300,          19158,      1989,           0,       1322
 288,         20603,           20320,          19208,      1992,           0,       1350
 289,         20724,           20440,          18928,      2001,           0,       1311
 290,         20929,           20644,          18646,      2013,           0,       1358
 291,         21152,           20866,          18254,      2019,           0,       1287
 292,         21410,           21123,          18570,      2032,           0,       1288
 293,         21682,           21394,          18650,      2036,           0,       1294
 294,         21843,           21554,          21623,      2045,           0,       1435
 295,         21889,           21599,          19721,      2067,           0,       1389
 296,         22050,           21759,          19333,      2050,           0,       1343
 297,         22113,           21821,          18893,      2061,           0,       1308
 298,         22281,           21988,          19041,      2070,           0,       1315
 299,         22519,           22225,          21707,      2082,           0,       1436
 300,         22660,           22365,          20940,      2096,           0,       1411
 301,         22837,           22541,          20506,      2099,           0,       1413
 302,         23000,           22703,          19957,      2105,           0,       1339
 303,         23234,           22936,          19802,      2111,           0,       1340
 304,         23500,           23201,          20357,      2118,           0,       1347
 305,         23716,           23416,          20392,      2124,           0,       1351
 306,         23835,           23534,          21034,      2146,           0,       1474
 307,         23868,           23566,          20871,      2147,           0,       1647
 308,         23956,           23653,          22054,      2166,           0,       1451
 309,         24159,           23855,          21482,      2171,           0,       1411
 310,         24283,           23978,          21557,      2167,           0,       1378
 311,         24463,           24157,          21064,      2182,           0,       1385
 312,         24640,           24333,          23151,      2195,           0,       1626
 313,         24713,           24405,          22214,      2207,           0,       1443
 314,         24913,           24604,          21574,      2211,           0,       1444
 315,         25215,           24905,          21773,      2222,           0,       1407
 316,         25412,           25101,          22379,      2231,           0,       1505
 317,         25450,           25138,          22515,      2235,           0,       1468
 318,         25563,           25250,          25073,      2247,           0,       1514
 319,         25664,           25350,          23834,      2262,           0,       1520
 320,         25723,           25408,          40417,      2264,           0,       1521
 321,         25726,           25410,          24146,      2273,           0,       1530
 322,         25838,           25521,          24368,      2284,           0,       1557
 323,         26112,           25794,          23018,      2293,           0,       1488
 324,         26117,           25798,          24718,      2307,           0,       1776
 325,         26323,           26003,          23880,      2320,           0,       1594
 326,         26505,           26184,          24107,      2323,           0,       1563
 327,         26575,           26253,          23121,      2328,           0,       1546
 328,         26701,           26378,          24457,      2335,           0,       2211
 329,         26782,           26458,          27426,      2344,           0,       1595
 330,         26802,           26477,          24840,      2345,           0,       1576
 331,         27120,           26794,          24187,      2360,           0,       1534
 332,         27125,           26798,          23514,      2350,           0,       1522
 333,         27374,           27046,          23555,      2363,           0,       1492
 334,         27404,           27075,          23570,      2384,           0,       1507
 335,         27492,           27162,          26227,      2390,           0,       1632
 336,         27510,           27179,          25018,      2409,           0,       1622
 337,         27759,           27427,          25191,      2421,           0,       1627
 338,         27898,           27565,          25346,      2421,           0,       1643
 339,         27964,           27630,          25371,      2431,           0,       1636
 340,         28161,           27826,          24948,      2437,           0,       1586
 341,         28339,           28003,          24995,      2439,           0,       1699
 342,         28539,           28202,          27065,      2440,           0,       1666
 343,         28844,           28506,          25656,      2460,           0,       1558
 344,         28864,           28525,          24883,      2476,           0,       1601
 345,         28870,           28530,          24821,      2486,           0,       1564
 346,         29148,           28807,          25264,      2492,           0,       1571
 347,         29470,           29128,          25764,      2504,           0,       1867
 348,         29595,           29252,          25658,      2508,           0,       1584
 349,         29832,           29488,          25748,      2515,           0,       1586
 350,         30163,           29818,          27837,      2522,           0,       1729
 351,         30196,           29850,          27822,      2543,           0,       1650
 352,         30502,           30155,          26928,      2550,           0,       1644
 353,         30661,           30313,          26585,      2562,           0,       1805
 354,         30999,           30650,          26746,      2574,           0,       1616
 355,         31235,           30885,          27060,      2575,           0,       1622
 356,         31469,           31118,          27048,      2572,           0,       1657
 357,         31496,           31144,          27213,      2585,           0,       1672
 358,         31581,           31228,          27070,      2596,           0,       1633
 359,         31903,           31549,          27425,      2613,           0,       1642
 360,         31975,           31620,          27467,      2614,           0,       1797
 361,         32202,           31846,          27745,      2621,           0,       1655
 362,         32492,           32135,          27965,      2624,           0,       1648
 363,         32704,           32346,          28928,      2623,           0,       1912
 364,         33028,           32669,          30584,      2667,           0,       2359
 365,         33065,           32705,          30354,      2670,           0,       1731
 366,         33324,           32963,          29562,      2671,           0,       1889
 367,         33516,           33154,          32231,      2685,           0,       1790
 368,         33529,           33166,          29166,      2671,           0,       1686
 369,         33717,           33353,          29062,      2680,           0,       1783
 370,         33913,           33548,          30012,      2684,           0,       1693
 371,         33997,           33631,          29550,      2693,           0,       1698
 372,         34205,           33838,          29940,      2708,           0,       1847
 373,         34466,           34098,          31667,      2720,           0,       1902
 374,         34522,           34153,          32031,      2737,           0,       1851
 375,         34531,           34161,          30049,      2730,           0,       1754
 376,         34589,           34218,          29915,      2734,           0,       1730
 377,         34803,           34431,          31068,      2746,           0,       1781
 378,         35062,           34689,          30396,      2768,           0,       1745
 379,         35257,           34883,          31426,      2767,           0,       1929
 380,         35567,           35192,          33758,      2775,           0,       2030
 381,         35938,           35562,          32367,      2774,           0,       1931
 382,         36039,           35662,          32555,      2792,           0,       1805
 383,         36421,           36043,          31869,      2805,           0,       1770
 384,         36746,           36367,          32036,      2803,           0,       1764
 385,         36972,           36592,          32096,      2812,           0,       1851
 386,         37178,           36797,          33371,      2822,           0,       1872
 387,         37310,           36928,          33711,      2836,           0,       1840
 388,         37429,           37046,          35181,      2836,           0,       1894
 389,         37507,           37123,          33600,      2841,           0,       1905
 390,         37838,           37453,          34023,      2859,           0,       1849
 391,         37984,           37598,          33487,      2865,           0,       1858
 392,         38182,           37795,          33326,      2877,           0,       1816
 393,         38499,           38111,          33188,      2886,           0,       1848
 394,         38817,           38428,          36608,      2912,           0,       2024
 395,         39153,           38763,          37796,      2910,           0,       1884
 396,         39259,           38868,          36516,      2917,           0,       1945
 397,         39562,           39170,          34964,      2932,           0,       1890
 398,         39955,           39562,          34839,      2925,           0,       1936
 399,         40252,           39858,          34712,      2924,           0,       2033
 400,         40513,           40118,          35156,      2966,           0,       1860
 401,         40634,           40238,          35211,      2974,           0,       1874
 402,         40717,           40320,          38184,      2961,           0,       1967
 403,         40951,           40553,          36286,      2969,           0,       1903
 404,         41354,           40956,          35902,      2986,           0,       1878
 405,         41362,           40963,          36813,      3003,           0,       2022
 406,         41431,           41031,          39511,      3011,           0,       2088
 407,         41509,           41108,          38269,      3007,           0,       1952
 408,         41828,           41426,          36623,      3025,           0,       1961
 409,         42131,           41728,          39095,      3035,           0,       2016
 410,         42475,           42071,          37451,      3031,           0,       1941
 411,         42871,           42466,          37354,      3042,           0,       1915
 412,         43063,           42657,          37391,      3062,           0,       1919
 413,         43172,           42765,          37874,      3082,           0,       2119
 414,         43199,           42791,          39265,      3067,           0,       1998
 415,         43481,           43072,          38648,      3076,           0,       2072
 416,         43544,           43134,          37806,      3093,           0,       1938
 417,         43648,           43237,          38967,      3101,           0,       2392
 418,         43872,           43460,          40520,      3110,           0,       2015
 419,         43979,           43566,          40179,      3126,           0,       2072
 420,         44099,           43685,          41072,      3136,           0,       2099
 421,         44243,           43828,          39396,      3143,           0,       2230
 422,         44443,           44027,          42726,      3155,           0,       2038
 423,         44572,           44155,          39284,      3157,           0,       2126
 424,         44961,           44543,          39444,      3163,           0,       2099
 425,         45218,           44799,          39026,      3175,           0,       2005
 426,         45420,           45000,          42699,      3185,           0,       2373
 427,         45482,           45061,          40941,      3194,           0,       2097
 428,         45531,           45109,          39829,      3192,           0,       2053
 429,         45699,           45276,          39994,      3205,           0,       2110
 430,         45713,           45289,          39626,      3208,           0,       2137
 431,         45755,           45330,          43087,      3218,           0,       2169
 432,         45808,           45382,          42230,      3242,           0,       2088
 433,         46132,           45705,          40752,      3253,           0,       2039
 434,         46327,           45899,          43231,      3260,           0,       2133
 435,         46383,           45954,          41661,      3266,           0,       2050
 436,         46533,           46103,          40794,      3271,           0,       2092
 437,         46714,           46283,          40331,      3281,           0,       2112
 438,         46827,           46395,          40330,      3295,           0,       2060
 439,         46950,           46517,          41000,      3293,           0,       2436
 440,         46984,           46550,          41186,      3306,           0,       2076
 441,         47226,           46791,          40863,      3316,           0,       2077
 442,         47280,           46844,          41704,      3307,           0,       2074
 443,         47294,           46857,          43722,      3310,           0,       2197
 444,         47481,           47043,          47533,      3332,           0,       2193
 445,         47907,           47468,          46811,      3331,           0,       2229
 446,         48298,           47858,          44376,      3352,           0,       2269
 447,         48726,           48285,          42618,      3368,           0,       2147
 448,         49080,           48638,          43353,      3393,           0,       2159
 449,         49407,           48964,          43324,      3400,           0,       2161
 450,         49779,           49335,          45969,      3402,           0,       2277
 451,         50229,           49784,          48766,      3402,           0,       2341
 452,         50238,           49792,          45949,      3426,           0,       2145
 453,         50362,           49915,          45233,      3427,           0,       2151
 454,         50539,           50091,          44149,      3426,           0,       2204
 455,         50705,           50256,          44299,      3445,           0,       2219
 456,         51056,           50606,          45578,      3462,           0,       2240
 457,         51376,           50925,          49586,      3465,           0,       2380
 458,         51488,           51036,          49468,      3471,           0,       2346
 459,         51930,           51477,          54394,      3476,           0,       2417
 460,         52211,           51757,          51356,      3507,           0,       2367
 461,         52312,           51857,          54809,      3513,           0,       3272
 462,         52337,           51881,          56344,      3506,           0,       2341
 463,         52799,           52343,          52811,      3521,           0,       3091
 464,         53153,           52696,          54352,      3528,           0,       2466
 465,         53192,           52734,          51861,      3535,           0,       4013
 466,         53218,           52759,          62411,      3537,           0,       2382
 467,         53227,           52767,          57883,      3549,           0,       2352
 468,         53438,           52977,          54536,      3559,           0,       2549
 469,         53485,           53023,          48615,      3562,           0,       2694
 470,         53747,           53284,          49777,      3584,           0,       2248
 471,         54169,           53705,          49027,      3585,           0,       2468
 472,         54200,           53735,          50435,      3613,           0,       2322
 473,         54556,           54090,          47680,      3618,           0,       2260
 474,         54867,           54400,          50706,      3601,           0,       2408
 475,         55113,           54645,          49710,      3624,           0,       2270
 476,         55459,           54990,          48567,      3633,           0,       2444
 477,         55930,           55460,          51323,      3640,           0,       4666
 478,         55935,           55464,          51737,      3658,           0,       2351
 479,         56222,           55750,          49957,      3679,           0,       2338
 480,         56383,           55910,          50184,      3671,           0,       2379
 481,         56832,           56358,          49813,      3678,           0,       2331
 482,         57118,           56643,          49962,      3693,           0,       2306
 483,         57196,           56720,          56662,      3706,           0,       2382
 484,         57220,           56743,          51260,      3693,           0,       2316
 485,         57395,           56917,          54243,      3702,           0,       2462
 486,         57517,           57038,          52951,      3721,           0,       2329
 487,         57601,           57121,          52156,      3737,           0,       2458
 488,         57607,           57126,          53884,      3733,           0,       2476
 489,         57824,           57342,          53704,      3745,           0,       2538
 490,         57908,           57425,          53833,      3749,           0,       2497
 491,         58281,           57797,          54041,      3774,           0,       2500
 492,         58762,           58277,          54078,      3774,           0,       2360
 493,         59007,           58521,          52650,      3781,           0,       2394
 494,         59048,           58561,          53107,      3788,           0,       2473
 495,         59234,           58746,          55433,      3808,           0,       2537
 496,         59578,           59089,          54666,      3811,           0,       2400
 497,         59838,           59348,          53325,      3820,           0,       2445
 498,         60039,           59548,          55051,      3832,           0,       2626
 499,         60278,           59786,          56761,      3841,           0,       2629
 500,         60441,           59948,          61076,      3855,           0,       2562
 501,         60642,           60148,          60184,      3863,           0,       2470
 502,         61134,           60639,          54660,      3858,           0,       2405
 503,         61179,           60683,          53743,      3868,           0,       2448
 504,         61482,           60985,          53693,      3903,           0,       2427
 505,         61583,           61085,          54128,      3906,           0,       2645
 506,         61942,           61443,          54440,      3910,           0,       2431
 507,         62295,           61795,          54919,      3905,           0,       2473
 508,         62685,           62184,          54646,      3924,           0,       2608
 509,         63023,           62521,          55490,      3928,           0,       2546
 510,         63265,           62762,          55740,      3939,           0,       2454
 511,         63291,           62787,          56085,      3935,           0,       2573
 512,         63644,           63139,          55618,      3957,           0,       2458
 513,         64116,           63610,          56772,      3967,           0,       2566
 514,         64133,           63626,          55950,      3979,           0,       2505
 515,         64411,           63903,          57274,      3997,           0,       2656
 516,         64865,           64356,          56529,      3991,           0,       2510
 517,         65286,           64776,          57165,      4008,           0,       2515
 518,         65525,           65014,          57158,      4018,           0,       2552
 519,         65633,           65121,          65028,      4024,           0,       2704
 520,         66017,           65504,          59944,      4015,           0,       2718
 521,         66514,           66000,          59422,      4028,           0,       2576
 522,         66648,           66133,          59004,      4042,           0,       2545
 523,         67065,           66549,          59326,      4058,           0,       2557
 524,         67150,           66633,          59747,      4070,           0,       2594
 525,         67218,           66700,          58919,      4086,           0,       2574
 526,         67512,           66993,          59822,      4087,           0,       2574
 527,         67993,           67473,          59864,      4100,           0,       2830
 528,         68223,           67702,          60160,      4103,           0,       2616
 529,         68454,           67932,          59760,      4116,           0,       2588
 530,         68637,           68114,          60065,      4132,           0,       2630
 531,         69139,           68615,          61717,      4132,           0,       2607
 532,         69502,           68977,          61575,      4135,           0,       2861
 533,         69919,           69393,          61079,      4146,           0,       2607
 534,         70080,           69553,          62281,      4160,           0,       2619
 535,         70591,           70063,          69524,      4176,           0,       2815
 536,         70701,           70172,          63442,      4162,           0,       2742
 537,         70708,           70178,          62304,      4173,           0,       2630
 538,         70864,           70333,          61877,      4179,           0,       2665
 539,         71311,           70779,          63032,      4204,           0,       2685
 540,         71551,           71018,          62222,      4225,           0,       2695
 541,         71690,           71156,          63678,      4236,           0,       2913
 542,         72072,           71537,          63907,      4244,           0,       2665
 543,         72551,           72015,          63643,      4244,           0,       2752
 544,         72660,           72123,          63616,      4273,           0,       2681
 545,         73016,           72478,          63794,      4283,           0,       2692
 546,         73377,           72838,          65454,      4272,           0,       2722
 547,         73392,           72852,          65541,      4293,           0,       2836
 548,         73399,           72858,          65384,      4299,           0,       2703
 549,         73823,           73281,          65426,      4307,           0,       2749
 550,         74018,           73475,          71939,      4323,           0,       2896
 551,         74291,           73747,          65646,      4328,           0,       2717
 552,         74371,           73826,          65413,      4334,           0,       2769
 553,         74564,           74018,          67364,      4342,           0,       2923
 554,         74914,           74367,          65973,      4348,           0,       2733
 555,         75396,           74848,          65915,      4363,           0,       2770
 556,         75576,           75027,          66358,      4378,           0,       2748
 557,         76119,           75569,          67200,      4380,           0,       2899
 558,         76129,           75578,          66681,      4371,           0,       2745
 559,         76681,           76129,          67085,      4401,           0,       2757
 560,         76863,           76310,          68821,      4389,           0,       2841
 561,         77067,           76513,          67987,      4403,           0,       2765
 562,         77201,           76646,          67399,      4407,           0,       2771
 563,         77480,           76924,          68114,      4430,           0,       3019
 564,         77896,           77339,          68696,      4431,           0,       2790
 565,         78429,           77871,          80588,      4444,           0,       2960
 566,         78465,           77906,          71419,      4462,           0,       2876
 567,         78692,           78132,          70615,      4470,           0,       2923
 568,         78735,           78174,          71269,      4483,           0,       2969
 569,         79248,           78686,          70126,      4491,           0,       2831
 570,         79483,           78920,          70069,      4485,           0,       2823
 571,         79918,           79354,          71799,      4506,           0,       3002
 572,         80441,           79876,          73237,      4529,           0,       2846
 573,         80799,           80233,          70569,      4534,           0,       3268
 574,         81321,           80754,          72976,      4556,           0,       2894
 575,         81779,           81211,          71732,      4554,           0,       3648
 576,         82153,           81584,          75494,      4553,           0,       2897
 577,         82670,           82100,          72515,      4564,           0,       2868
 578,         83164,           82593,          72824,      4572,           0,       2912
 579,         83188,           82616,          82558,      4579,           0,       3041
 580,         83543,           82970,          75791,      4595,           0,       2890
 581,         83801,           83227,          75330,      4602,           0,       3267
 582,         84361,           83786,          76386,      4621,           0,       2963
 583,         84648,           84072,          74617,      4616,           0,       2937
 584,         84660,           84083,          73984,      4647,           0,       3022
 585,         84829,           84251,          77085,      4651,           0,       3092
 586,         85383,           84804,          75718,      4656,           0,       3151
 587,         85563,           84983,          77184,      4669,           0,       3022
 588,         85869,           85288,          75073,      4674,           0,       2936
 589,         85964,           85382,          74952,      4692,           0,       2974
 590,         86545,           85962,          76371,      4710,           0,       2948
 591,         86889,           86305,          82324,      4723,           0,       3129
 592,         87434,           86849,          87215,      4705,           0,       3191
 593,         88020,           87434,          77712,      4712,           0,       2964
 594,         88607,           88020,          77719,      4715,           0,       2955
 595,         88848,           88260,          79222,      4733,           0,       3056
 596,         89092,           88503,          78809,      4738,           0,       3107
 597,         89542,           88952,          78230,      4752,           0,       3083
 598,         89606,           89015,          78319,      4772,           0,       3029
 599,         90146,           89554,          83169,      4771,           0,       3031
 600,         90335,           89742,          81358,      4789,           0,       3042
 601,         90453,           89859,          79140,      4797,           0,       3038
 602,         91004,           90409,          79747,      4805,           0,       3057
 603,         91169,           90573,          80749,      4810,           0,       3061
 604,         91532,           90935,          88315,      4807,           0,       3248
 605,         91625,           91027,          81101,      4809,           0,       3018
 606,         91984,           91385,          86288,      4826,           0,       3143
 607,         92069,           91469,          86298,      4850,           0,       3124
 608,         92359,           91758,          81464,      4855,           0,       3173
 609,         92845,           92243,          81739,      4866,           0,       3108
 610,         93129,           92526,          82509,      4877,           0,       3278
 611,         93522,           92918,          83220,      4875,           0,       3140
 612,         93986,           93381,          85770,      4899,           0,       3082
 613,         94534,           93928,          83240,      4916,           0,       3242
 614,         94804,           94197,          84271,      4920,           0,       3098
 615,         95077,           94469,          83449,      4932,           0,       3095
 616,         95460,           94851,          95782,      4945,           0,       3326
 617,         96021,           95411,          84976,      4947,           0,       3103
 618,         96432,           95821,          85402,      4960,           0,       3184
 619,         96635,           96023,          87197,      4982,           0,       3116
 620,         96646,           96033,          85250,      4969,           0,       3153
 621,         96968,           96354,          86092,      4976,           0,       3170
 622,         97064,           96449,          86445,      4980,           0,       3164
 623,         97511,           96895,          86020,      5001,           0,       3178
 624,         97696,           97079,          85798,      5024,           0,       3190
 625,         98147,           97529,          86187,      5034,           0,       3192
 626,         98681,           98062,          86490,      5043,           0,       3244
 627,         98758,           98138,          87666,      5044,           0,       3165
 628,         98851,           98230,          97406,      5043,           0,       3249
 629,         99176,           98554,          88471,      5055,           0,       3167
 630,         99581,           98958,          89476,      5075,           0,       3361
 631,         99958,           99334,          90325,      5091,           0,       3198
 632,        100110,           99485,          89845,      5089,           0,       3567
 633,        100431,           99805,          89226,      5096,           0,       3283
 634,        100917,          100290,          96532,      5108,           0,       3417
 635,        101111,          100483,          93147,      5110,           0,       3203
 636,        101651,          101022,          89107,      5121,           0,       3211
 637,        101765,          101135,          88889,      5143,           0,       3254
 638,        102066,          101435,          90385,      5141,           0,       3218
 639,        102544,          101912,          97221,      5177,           0,       3314
 640,        102630,          101997,          90333,      5171,           0,       3270
 641,        102873,          102239,          90137,      5179,           0,       3281
 642,        103274,          102639,          90652,      5199,           0,       3250
 643,        103632,          102996,          91674,      5222,           0,       3263
 644,        103654,          103017,          92115,      5203,           0,       3448
 645,        103720,          103082,          90713,      5210,           0,       3304
 646,        104154,          103515,          93083,      5235,           0,       3555
 647,        104755,          104115,          94551,      5230,           0,       3277
 648,        105020,          104379,          93082,      5255,           0,       3689
 649,        105338,          104696,          94655,      5262,           0,       3331
 650,        105345,          104702,         103110,      5287,           0,       3535
 651,              ,                ,               ,      5281,           0,       3597
 652,              ,                ,               ,      5291,           0,       3560
 653,              ,                ,               ,      5300,           0,       3489
 654,              ,                ,               ,      5290,           0,       3479
 655,              ,                ,               ,      5317,           0,       3711
 656,              ,                ,               ,      5335,           0,       5537
 657,              ,                ,               ,      5347,           0,       3530
 658,              ,                ,               ,      5361,           0,       3576
 659,              ,                ,               ,      5364,           0,       3809
 660,              ,                ,               ,      5337,           0,       3592
 661,              ,                ,               ,      5345,           0,       3724
 662,              ,                ,               ,      5377,           0,       3544
 663,              ,                ,               ,      5394,           0,       3568
 664,              ,                ,               ,      5384,           0,       3700
 665,              ,                ,               ,      5391,           0,       3796
 666,              ,                ,               ,      5393,           0,       3631
 667,              ,                ,               ,      5414,           0,       3567
 668,              ,                ,               ,      5452,           0,       3581
 669,              ,                ,               ,      5455,           0,       3597
 670,              ,                ,               ,      5454,           0,       3675
 671,              ,                ,               ,      5469,           0,       3507
 672,              ,                ,               ,      5491,           0,       3561
 673,              ,                ,               ,      5500,           0,       3523
 674,              ,                ,               ,      5503,           0,       3530
 675,              ,                ,               ,      5519,           0,       3444
 676,              ,                ,               ,      5519,           0,       3659
 677,              ,                ,               ,      5523,           0,       3479
 678,              ,                ,               ,      5541,           0,       3449
 679,              ,                ,               ,      5557,           0,       3464
 680,              ,                ,               ,      5549,           0,       3967
 681,              ,                ,               ,      5555,           0,       3913
 682,              ,                ,               ,      5571,           0,       3529
 683,              ,                ,               ,      5578,           0,       3614
 684,              ,                ,               ,      5587,           0,       3585
 685,              ,                ,               ,      5606,           0,       3733
 686,              ,                ,               ,      5633,           0,       3612
 687,              ,                ,               ,      5614,           0,       3592
 688,              ,                ,               ,      5625,           0,       3504
 689,              ,                ,               ,      5639,           0,       3525
 690,              ,                ,               ,      5658,           0,       3524
 691,              ,                ,               ,      5678,           0,       3571
 692,              ,                ,               ,      5682,           0,       3535
 693,              ,                ,               ,      5679,           0,       3732
 694,              ,                ,               ,      5688,           0,       3637
 695,              ,                ,               ,      5704,           0,       3568
 696,              ,                ,               ,      5706,           0,       3601
 697,              ,                ,               ,      5722,           0,       3615
 698,              ,                ,               ,      5726,           0,       3573
 699,              ,                ,               ,      5750,           0,       3584
 700,              ,                ,               ,      5753,           0,       3614
 701,              ,                ,               ,      5758,           0,       3579
 702,              ,                ,               ,      5775,           0,       3663
 703,              ,                ,               ,      5790,           0,       3633
 704,              ,                ,               ,      5804,           0,       3600
 705,              ,                ,               ,      5813,           0,       3606
 706,              ,                ,               ,      5821,           0,       3617
 707,              ,                ,               ,      5819,           0,       3726
 708,              ,                ,               ,      5838,           0,       3746
 709,              ,                ,               ,      5858,           0,       3641
 710,              ,                ,               ,      5848,           0,       3631
 711,              ,                ,               ,      5859,           0,       3762
 712,              ,                ,               ,      5862,           0,       3867
 713,              ,                ,               ,      5863,           0,       3655
 714,              ,                ,               ,      5886,           0,       3700
 715,              ,                ,               ,      5896,           0,       3937
 716,              ,                ,               ,      5903,           0,       3677
 717,              ,                ,               ,      5926,           0,       3727
 718,              ,                ,               ,      5928,           0,       3759
 719,              ,                ,               ,      5931,           0,       3812
 720,              ,                ,               ,      5938,           0,       3775
 721,              ,                ,               ,      5952,           0,       3709
 722,              ,                ,               ,      5945,           0,       3736
 723,              ,                ,               ,      5976,           0,       3850
 724,              ,                ,               ,      5973,           0,       3803
 725,              ,                ,               ,      5972,           0,       3771
 726,              ,                ,               ,      5996,           0,       3735
 727,              ,                ,               ,      5993,           0,       3823
 728,              ,                ,               ,      6035,           0,       3797
 729,              ,                ,               ,      6047,           0,       3757
 730,              ,                ,               ,      6049,           0,       3798
 731,              ,                ,               ,      6054,           0,       3772
 732,              ,                ,               ,      6076,           0,       4100
 733,              ,                ,               ,      6082,           0,       3924
 734,              ,                ,               ,      6086,           0,       3882
 735,              ,                ,               ,      6103,           0,       3984
 736,              ,                ,               ,      6079,           0,       3965
 737,              ,                ,               ,      6087,           0,       3787
 738,              ,                ,               ,      6085,           0,       3825
 739,              ,                ,               ,      6105,           0,       3799
 740,              ,                ,               ,      6107,           0,       3984
 741,              ,                ,               ,      6122,           0,       3951
 742,              ,                ,               ,      6156,           0,       3961
 743,              ,                ,               ,      6136,           0,       4027
 744,              ,                ,               ,      6158,           0,       3993
 745,              ,                ,               ,      6173,           0,       4117
 746,              ,                ,               ,      6189,           0,       3949
 747,              ,                ,               ,      6199,           0,       3957
 748,              ,                ,               ,      6208,           0,       3896
 749,              ,                ,               ,      6204,           0,       3865
 750,              ,                ,               ,      6216,           0,       3870
 751,              ,                ,               ,      6226,           0,       3999
 752,              ,                ,               ,      6225,           0,       3890
 753,              ,                ,               ,      6236,           0,       3881
 754,              ,                ,               ,      6263,           0,       4014
 755,              ,                ,               ,      6264,           0,       3899
 756,              ,                ,               ,      6283,           0,       3946
 757,              ,                ,               ,      6304,           0,       4117
 758,              ,                ,               ,      6300,           0,       4021
 759,              ,                ,               ,      6304,           0,       4145
 760,              ,                ,               ,      6330,           0,       3926
 761,              ,                ,               ,      6331,           0,       3964
 762,              ,                ,               ,      6323,           0,       3926
 763,              ,                ,               ,      6337,           0,       3942
 764,              ,                ,               ,      6355,           0,       3989
 765,              ,                ,               ,      6363,           0,       4103
 766,              ,                ,               ,      6382,           0,       4002
 767,              ,                ,               ,      6383,           0,       4045
 768,              ,                ,               ,      6382,           0,       4068
 769,              ,                ,               ,      6393,           0,       4018
 770,              ,                ,               ,      6416,           0,       4119
 771,              ,                ,               ,      6421,           0,       4024
 772,              ,                ,               ,      6437,           0,       3993
 773,              ,                ,               ,      6458,           0,       4006
 774,              ,                ,               ,      6464,           0,       4123
 775,              ,                ,               ,      6469,           0,       4027
 776,              ,                ,               ,      6491,           0,       4104
 777,              ,                ,               ,      6497,           0,       4033
 778,              ,                ,               ,      6463,           0,       4019
 779,              ,                ,               ,      6482,           0,       4065
 780,              ,                ,               ,      6504,           0,       4121
 781,              ,                ,               ,      6512,           0,       4041
 782,              ,                ,               ,      6534,           0,       4279
 783,              ,                ,               ,      6539,           0,       4199
 784,              ,                ,               ,      6550,           0,       4119
 785,              ,                ,               ,      6566,           0,       4114
 786,              ,                ,               ,      6569,           0,       4152
 787,              ,                ,               ,      6581,           0,       4090
 788,              ,                ,               ,      6611,           0,       4096
 789,              ,                ,               ,      6619,           0,       4143
 790,              ,                ,               ,      6618,           0,       4183
 791,              ,                ,               ,      6622,           0,       4147
 792,              ,                ,               ,      6638,           0,       4118
 793,              ,                ,               ,      6654,           0,       4128
 794,              ,                ,               ,      6660,           0,       4204
 795,              ,                ,               ,      6672,           0,       4149
 796,              ,                ,               ,      6672,           0,       4184
 797,              ,                ,               ,      6675,           0,       4230
 798,              ,                ,               ,      6678,           0,       4157
 799,              ,                ,               ,      6708,           0,       4203
 800,              ,                ,               ,      6726,           0,       4180
 801,              ,                ,               ,      6738,           0,       4226
 802,              ,                ,               ,      6743,           0,       4196
 803,              ,                ,               ,      6765,           0,       4194
 804,              ,                ,               ,      6727,           0,       4443
 805,              ,                ,               ,      6741,           0,       4218
 806,              ,                ,               ,      6755,           0,       4265
 807,              ,                ,               ,      6786,           0,       4203
 808,              ,                ,               ,      6799,           0,       4399
 809,              ,                ,               ,      6803,           0,       4225
 810,              ,                ,               ,      6809,           0,       4225
 811,              ,                ,               ,      6844,           0,       4317
 812,              ,                ,               ,      6837,           0,       4399
 813,              ,                ,               ,      6846,           0,       4364
 814,              ,                ,               ,      6840,           0,       4242
 815,              ,                ,               ,      6851,           0,       4289
 816,              ,                ,               ,      6877,           0,       4263
 817,              ,                ,               ,      6888,           0,       4276
 818,              ,                ,               ,      6906,           0,       4662
 819,              ,                ,               ,      6916,           0,       4400
 820,              ,                ,               ,      6914,           0,       4478
 821,              ,                ,               ,      6922,           0,       4433
 822,              ,                ,               ,      6927,           0,       4427
 823,              ,                ,               ,      6913,           0,       4419
 824,              ,                ,               ,      6956,           0,       4431
 825,              ,                ,               ,      6960,           0,       4353
 826,              ,                ,               ,      6996,           0,       4645
 827,              ,                ,               ,      6996,           0,       4417
 828,              ,                ,               ,      6980,           0,       4425
 829,              ,                ,               ,      7008,           0,       4743
 830,              ,                ,               ,      7012,           0,       4462
 831,              ,                ,               ,      6981,           0,       4446
 832,              ,                ,               ,      7026,           0,       4426
 833,              ,                ,               ,      7034,           0,       4569
 834,              ,                ,               ,      7049,           0,       4410
 835,              ,                ,               ,      7061,           0,       4376
 836,              ,                ,               ,      7062,           0,       4508
 837,              ,                ,               ,      7080,           0,       4478
 838,              ,                ,               ,      7094,           0,       4474
 839,              ,                ,               ,      7097,           0,       4400
 840,              ,                ,               ,      7103,           0,       4501
 841,              ,                ,               ,      7124,           0,       4457
 842,              ,                ,               ,      7137,           0,       4477
 843,              ,                ,               ,      7155,           0,       4476
 844,              ,                ,               ,      7169,           0,       4451
 845,              ,                ,               ,      7184,           0,       4489
 846,              ,                ,               ,      7172,           0,       4456
 847,              ,                ,               ,      7153,           0,       4635
 848,              ,                ,               ,      7187,           0,       4537
 849,              ,                ,               ,      7196,           0,       4462
 850,              ,                ,               ,      7203,           0,       4503
 851,              ,                ,               ,      7229,           0,       4481
 852,              ,                ,               ,      7213,           0,       4523
 853,              ,                ,               ,      7227,           0,       4492
 854,              ,                ,               ,      7246,           0,       4629
 855,              ,                ,               ,      7267,           0,       4551
 856,              ,                ,               ,      7249,           0,       4495
 857,              ,                ,               ,      7259,           0,       4540
 858,              ,                ,               ,      7279,           0,       4517
 859,              ,                ,               ,      7296,           0,       4559
 860,              ,                ,               ,      7305,           0,       4545
 861,              ,                ,               ,      7303,           0,       4935
 862,              ,                ,               ,      7318,           0,       4659
 863,              ,                ,               ,      7322,           0,       4706
 864,              ,                ,               ,      7370,           0,       5527
 865,              ,                ,               ,      7379,           0,       5929
 866,              ,                ,               ,      7376,           0,       5271
 867,              ,                ,               ,      7407,           0,       4856
 868,              ,                ,               ,      7391,           0,       5172
 869,              ,                ,               ,      7413,           0,       5064
 870,              ,                ,               ,      7414,           0,       5169
 871,              ,                ,               ,      7416,           0,       4863
 872,              ,                ,               ,      7428,           0,       5155
 873,              ,                ,               ,      7434,           0,       4902
 874,              ,                ,               ,      7448,           0,       4952
 875,              ,                ,               ,      7457,           0,       4955
 876,              ,                ,               ,      7469,           0,       4936
 877,              ,                ,               ,      7483,           0,       4944
 878,              ,                ,               ,      7485,           0,       5051
 879,              ,                ,               ,      7491,           0,       4832
 880,              ,                ,               ,      7503,           0,       4818
 881,              ,                ,               ,      7516,           0,       5142
 882,              ,                ,               ,      7536,           0,       4809
 883,              ,                ,               ,      7546,           0,       4779
 884,              ,                ,               ,      7537,           0,       4666
 885,              ,                ,               ,      7554,           0,       5188
 886,              ,                ,               ,      7547,           0,       5002
 887,              ,                ,               ,      7547,           0,       4780
 888,              ,                ,               ,      7567,           0,       5001
 889,              ,                ,               ,      7566,           0,       4831
 890,              ,                ,               ,      7585,           0,       4844
 891,              ,                ,               ,      7594,           0,       4920
 892,              ,                ,               ,      7612,           0,       4728
 893,              ,                ,               ,      7644,           0,       4776
 894,              ,                ,               ,      7637,           0,       4742
 895,              ,                ,               ,      7637,           0,       4737
 896,              ,                ,               ,      7673,           0,       4792
 897,              ,                ,               ,      7683,           0,       4961
 898,              ,                ,               ,      7680,           0,       4961
 899,              ,                ,               ,      7702,           0,       4967
 900,              ,                ,               ,      7697,           0,       4806
 901,              ,                ,               ,      7710,           0,       4829
 902,              ,                ,               ,      7717,           0,       4815
 903,              ,                ,               ,      7734,           0,       4795
 904,              ,                ,               ,      7729,           0,       4912
 905,              ,                ,               ,      7733,           0,       4813
 906,              ,                ,               ,      7755,           0,       4875
 907,              ,                ,               ,      7771,           0,       4809
 908,              ,                ,               ,      7780,           0,       4855
 909,              ,                ,               ,      7793,           0,       4860
 910,              ,                ,               ,      7800,           0,       4962
 911,              ,                ,               ,      7836,           0,       4849
 912,              ,                ,               ,      7811,           0,       4841
 913,              ,                ,               ,      7830,           0,       4882
 914,              ,                ,               ,      7836,           0,       4857
 915,              ,                ,               ,      7852,           0,       4900
 916,              ,                ,               ,      7853,           0,       4914
 917,              ,                ,               ,      7870,           0,       4958
 918,              ,                ,               ,      7863,           0,       4926
 919,              ,                ,               ,      7895,           0,       4930
 920,              ,                ,               ,      7912,           0,       4899
 921,              ,                ,               ,      7933,           0,       4944
 922,              ,                ,               ,      7939,           0,       5023
 923,              ,                ,               ,      7943,           0,       5013
 924,              ,                ,               ,      7938,           0,       4901
 925,              ,                ,               ,      7956,           0,       5195
 926,              ,                ,               ,      7966,           0,       5068
 927,              ,                ,               ,      7976,           0,       5184
 928,              ,                ,               ,      7982,           0,       4934
 929,              ,                ,               ,      7991,           0,       5102
 930,              ,                ,               ,      8006,           0,       4984
 931,              ,                ,               ,      8027,           0,       4997
 932,              ,                ,               ,      8017,           0,       5037
 933,              ,                ,               ,      8037,           0,       5015
 934,              ,                ,               ,      8026,           0,       5061
 935,              ,                ,               ,      8053,           0,       5103
 936,              ,                ,               ,      8074,           0,       4999
 937,              ,                ,               ,      8090,           0,       5044
 938,              ,                ,               ,      8074,           0,       5002
 939,              ,                ,               ,      8080,           0,       5074
 940,              ,                ,               ,      8096,           0,       5048
 941,              ,                ,               ,      8123,           0,       5062
 942,              ,                ,               ,      8120,           0,       5100
 943,              ,                ,               ,      8133,           0,       5066
 944,              ,                ,               ,      8159,           0,       5073
 945,              ,                ,               ,      8165,           0,       5086
 946,              ,                ,               ,      8180,           0,       5142
 947,              ,                ,               ,      8188,           0,       5094
 948,              ,                ,               ,      8164,           0,       5165
 949,              ,                ,               ,      8183,           0,       5096
 950,              ,                ,               ,      8218,           0,       5072
 951,              ,                ,               ,      8216,           0,       5110
 952,              ,                ,               ,      8224,           0,       5084
 953,              ,                ,               ,      8235,           0,       5127
 954,              ,                ,               ,      8247,           0,       5188
 955,              ,                ,               ,      8256,           0,       5177
 956,              ,                ,               ,      8271,           0,       5112
 957,              ,                ,               ,      8286,           0,       5316
 958,              ,                ,               ,      8327,           0,       5684
 959,              ,                ,               ,      8322,           0,       5390
 960,              ,                ,               ,      8299,           0,       5718
 961,              ,                ,               ,      8309,           0,       5507
 962,              ,                ,               ,      8324,           0,       5369
 963,              ,                ,               ,      8344,           0,       5373
 964,              ,                ,               ,      8351,           0,       5338
 965,              ,                ,               ,      8361,           0,       5259
 966,              ,                ,               ,      8387,           0,       5526
 967,              ,                ,               ,      8383,           0,       5384
 968,              ,                ,               ,      8380,           0,       5212
 969,              ,                ,               ,      8383,           0,       5220
 970,              ,                ,               ,      8398,           0,       5224
 971,              ,                ,               ,      8398,           0,       5188
 972,              ,                ,               ,      8430,           0,       5321
 973,              ,                ,               ,      8440,           0,       5212
 974,              ,                ,               ,      8449,           0,       5302
 975,              ,                ,               ,      8458,           0,       5225
 976,              ,                ,               ,      8447,           0,       5256
 977,              ,                ,               ,      8461,           0,       5259
 978,              ,                ,               ,      8493,           0,       5528
 979,              ,                ,               ,      8495,           0,       5249
 980,              ,                ,               ,      8493,           0,       5319
 981,              ,                ,               ,      8496,           0,       5249
 982,              ,                ,               ,      8539,           0,       5305
 983,              ,                ,               ,      8526,           0,       5346
 984,              ,                ,               ,      8527,           0,       5378
 985,              ,                ,               ,      8541,           0,       5274
 986,              ,                ,               ,      8550,           0,       5316
 987,              ,                ,               ,      8559,           0,       5287
 988,              ,                ,               ,      8564,           0,       5367
 989,              ,                ,               ,      8577,           0,       5435
 990,              ,                ,               ,      8597,           0,       5354
 991,              ,                ,               ,      8601,           0,       5355
 992,              ,                ,               ,      8615,           0,       5368
 993,              ,                ,               ,      8622,           0,       5336
 994,              ,                ,               ,      8643,           0,       5342
 995,              ,                ,               ,      8649,           0,       5578
 996,              ,                ,               ,      8656,           0,       5359
 997,              ,                ,               ,      8663,           0,       5530
 998,              ,                ,               ,      8671,           0,       5501
 999,              ,                ,               ,      8680,           0,       5404
1000,              ,                ,               ,      8693,           0,       5438
